"Depth","Penetration","Salinity","Temperature","Fines.(Intercept)","Fines.sqrt(df$Sed_TOC)","Gravel","InorgC"
-8.48960151817263e-15,-4.95995740871498e-16,1.06120018977158e-15,7.85518836124397e-15,-4.096242336319,4.15709559056731,-1.15636216331088e-15,9.55224355602813e-18
