"Depth","Penetration","Salinity","Temperature","Fines.(Intercept)","Fines.sqrt(df$Sed_TOC)","Gravel","InorgC"
69.0970779220779,12.2211038961039,28.3701298701299,9.40746753246752,-4.096242336319,4.15709559056731,2.48506493506494,0.145766233766234
